<?xml version="1.0" encoding="UTF-8" standalone="yes"?>
<addon id="plugin.program.Anonymous.wizard" name="Anonymous Wizard" version="LIII" provider-name="Anonymous">
  <requires>
    <import addon="xbmc.python" version="2.1.0"/>
  </requires>
  <extension point="xbmc.python.pluginsource" library="default.py">
        <provides>executable</provides>
  </extension>
  <extension point="xbmc.addon.metadata">
    <summary lang="en">Anonymous Wizard</summary>
    <description lang="en">Anonymous Software; c==|======> built for speed and stability. Thanks to whufclee for the original Community Builds code used in this add-on :). </description>
    <platform>all</platform>
  </extension>
</addon>
